Id,Year,Position,School,match_name,match_school,match_pos,match_draft_ovr,penalty,h_diff_in,w_diff_lb,exact_match,in_dp_exact,in_dp_clean,similar_last_names_dp,school_matches
2781,2017,OG,Pittsburgh,Dorian Johnson,Pittsburgh,OG,115.0,-7.0,0.0,0.0,True,True,True,7,True
2782,2013,CB,William & Mary,B.W. Webb,William & Mary,CB,114.0,-7.0,0.0,0.0,True,True,False,1,True
2783,2018,RB,Alabama,Bo Scarbrough,Alabama,RB,236.0,-7.0,0.0,0.0,True,True,True,1,True
2784,2009,RB,Georgia,Knowshon Moreno,Georgia,RB,12.0,-7.0,0.0,0.0,True,True,True,1,True
2785,2018,CB,Alabama,Anthony Averett,Alabama,CB,118.0,-7.0,0.0,0.0,True,True,True,1,True
2789,2013,TE,Michigan St.,Dion Sims,Michigan State,TE,106.0,-7.0,0.0,0.0,True,True,True,2,True
2790,2010,DE,USC,Everson Griffen,USC,DE,100.0,-7.0,0.0,0.0,True,True,True,1,True
2791,2014,DE,Missouri,Kony Ealy,Missouri,DE,60.0,-7.0,0.0,0.0,True,True,True,1,True
2792,2016,CB,Virginia,Maurice Canady,Virginia,CB,209.0,-7.0,0.0,0.0,True,True,True,1,True
2795,2013,ILB,Florida,Jelani Jenkins,Florida,ILB,104.0,-7.0,0.0,0.0,True,True,True,6,True
2796,2011,WR,Alabama,Julio Jones,Alabama,WR,6.0,-7.0,0.0,0.0,True,True,True,11,True
2798,2009,OT,Alabama,Andre Smith,Alabama,OT,6.0,-7.0,0.0,0.0,True,True,True,12,True
2801,2011,WR,Pittsburgh,Jon Baldwin,Pittsburgh,WR,26.0,-7.0,0.0,0.0,True,False,False,1,True
2803,2009,DE,LSU,Tyson Jackson,LSU,DE,3.0,-7.0,0.0,0.0,True,True,True,7,True
2804,2017,OLB,West Georgia,Dylan Donahue,West Georgia,OLB,181.0,-7.0,0.0,0.0,True,True,True,1,True
2807,2014,WR,Clemson,Martavis Bryant,Clemson,WR,118.0,-7.0,0.0,0.0,True,True,True,3,True
2808,2012,CB,LSU,Morris Claiborne,LSU,CB,6.0,-7.0,0.0,0.0,True,True,True,1,True
2810,2011,DE,California,Cameron Jordan,California,DE,24.0,-7.0,0.0,0.0,True,True,True,1,True
2811,2016,QB,Indiana,Nate Sudfeld,Indiana,QB,187.0,-7.0,0.0,0.0,True,True,True,1,True
2812,2016,CB,Florida,Vernon Hargreaves III,Florida,CB,11.0,-7.0,0.0,0.0,True,True,False,3,True
2814,2009,FB,Syracuse,Tony Fiammetta,Syracuse,FB,128.0,-7.0,0.0,0.0,True,True,True,1,True
2815,2014,TE,Notre Dame,Troy Niklas,Notre Dame,TE,52.0,-7.0,0.0,0.0,True,True,True,1,True
2817,2012,OG,Syracuse,Andrew Tiller,Syracuse,OG,179.0,-7.0,0.0,0.0,True,True,True,1,True
2818,2014,DE,South Carolina,Jadeveon Clowney,South Carolina,DE,1.0,-7.0,0.0,0.0,True,True,True,1,True
2819,2016,WR,Mississippi,Laquon Treadwell,Mississippi,WR,23.0,-7.0,0.0,0.0,True,True,True,1,True
2820,2016,RB,Notre Dame,C.J. Prosise,Notre Dame,RB,90.0,-7.0,0.0,0.0,True,True,False,1,True
2821,2016,CB,North Carolina St.,Juston Burris,North Carolina State,CB,118.0,-7.0,0.0,0.0,True,True,True,1,True
2823,2013,WR,Tennessee,Cordarrelle Patterson,Tennessee,WR,29.0,-7.0,0.0,0.0,True,True,True,1,True
2826,2018,OT,Ohio St.,Jamarco Jones,Ohio State,OT,168.0,-7.0,0.0,0.0,True,True,True,12,True
2827,2012,OT,Auburn,Brandon Mosley,Auburn,OT,131.0,-7.0,0.0,0.0,True,True,True,1,True
2830,2011,OT,Florida,Marcus Gilbert,Florida,OT,63.0,-7.0,0.0,0.0,True,True,True,1,True
2831,2011,DT,Oregon St.,Stephen Paea,Oregon State,DT,53.0,-7.0,0.0,0.0,True,True,True,1,True
2833,2012,OLB,Oklahoma,Ronnell Lewis,Oklahoma,OLB,125.0,-7.0,0.0,0.0,True,True,True,3,True
2834,2015,QB,Oregon St.,Sean Mannion,Oregon State,QB,89.0,-7.0,0.0,0.0,True,True,True,1,True
2837,2019,QB,Auburn,Jarrett Stidham,Auburn,QB,133.0,-7.0,0.0,0.0,True,True,True,1,True
2839,2014,OG,Notre Dame,Chris Watt,Notre Dame,OG,89.0,-7.0,0.0,0.0,True,True,True,1,True
2840,2014,CB,Maryland,Dexter McDougle,Maryland,CB,80.0,-7.0,0.0,0.0,True,True,True,1,True
2841,2017,DT,Akron,D.J. Jones,Akron,DT,198.0,-7.0,0.0,0.0,True,True,False,14,True
2843,2013,ILB,Iowa St.,A.J. Klein,Iowa State,ILB,148.0,-7.0,0.0,0.0,True,True,False,1,True
2844,2015,RB,Georgia,Todd Gurley,Georgia,RB,10.0,-7.0,0.0,0.0,True,True,True,1,True
2848,2013,DT,Missouri Southern,Brandon Williams,Missouri Southern,DT,94.0,-7.0,0.0,0.0,True,True,True,15,True
2850,2011,ILB,North Carolina St.,Nate Irving,North Carolina State,ILB,67.0,-7.0,0.0,0.0,True,True,True,1,True
2851,2013,RB,Alabama,Eddie Lacy,Alabama,RB,61.0,-7.0,0.0,0.0,True,True,True,1,True
2852,2010,OLB,Texas,Roddrick Muckelroy,Texas,OLB,131.0,-7.0,0.0,0.0,True,True,True,1,True
2853,2018,WR,Penn St.,Daesean Hamilton,Penn State,WR,113.0,-7.0,0.0,0.0,True,True,True,2,True
2854,2015,OT,Florida,Chaz Green,Florida,OT,91.0,-7.0,0.0,0.0,True,True,True,2,True
2856,2015,TE,Ohio St.,Jeff Heuerman,Ohio State,TE,92.0,-7.0,0.0,0.0,True,True,True,1,True
2857,2012,C,Michigan,David Molk,Michigan,C,226.0,-7.0,0.0,0.0,True,True,True,1,True
2858,2012,OLB,South Carolina,Melvin Ingram,South Carolina,OLB,18.0,-7.0,0.0,0.0,True,True,True,2,True
2859,2014,RB,Wisconsin,James White,Wisconsin,RB,130.0,-7.0,0.0,0.0,True,True,True,2,True
2861,2013,WR,West Virginia,Stedman Bailey,West Virginia,WR,92.0,-7.0,0.0,0.0,True,True,True,1,True
2862,2014,DT,Princeton,Caraun Reid,Princeton,DT,158.0,-7.0,0.0,0.0,True,True,True,2,True
2863,2009,CB,Maryland,Kevin Barnes,Maryland,CB,80.0,-7.0,0.0,0.0,True,True,True,1,True
2864,2018,WR,Clemson,Ray-ray McCloud,Clemson,WR,187.0,-7.0,0.0,0.0,True,True,False,1,True
2866,2015,DT,Arkansas,Darius Philon,Arkansas,DT,192.0,-7.0,0.0,0.0,True,True,True,1,True
2868,2012,DT,South Carolina,Travian Robertson,South Carolina,DT,249.0,-7.0,0.0,0.0,True,True,True,1,True
2870,2017,DE,Kansas St.,Jordan Willis,Kansas State,DE,73.0,-7.0,0.0,0.0,True,True,True,1,True
2873,2015,WR,Connecticut,Geremy Davis,Connecticut,WR,186.0,-7.0,0.0,0.0,True,True,True,5,True
2875,2010,WR,Clemson,Jacoby Ford,Clemson,WR,108.0,-7.0,0.0,0.0,True,True,True,6,True
2879,2019,S,Miami (FL),Sheldrick Redwine,Miami (FL),S,119.0,-7.0,0.0,0.0,True,True,True,1,True
2881,2009,OLB,Virginia,Clint Sintim,Virginia,OLB,45.0,-7.0,0.0,0.0,True,True,True,1,True
2882,2019,S,Delaware,Nasir Adderley,Delaware,S,60.0,-7.0,0.0,0.0,True,True,True,1,True
2883,2010,OT,Vanderbilt,Thomas Welch,Vanderbilt,OT,208.0,-7.0,0.0,0.0,True,True,True,1,True
2884,2012,SS,LSU,Brandon Taylor,LSU,S,73.0,-6.0,0.0,0.0,True,True,True,8,True
2885,2016,CB,Southern Utah,Leshaun Sims,Southern Utah,CB,157.0,-7.0,0.0,0.0,True,True,True,1,True
2886,2012,QB,Tenn-Chattanooga,B.J. Coleman,Tenn-Chattanooga,QB,243.0,-7.0,0.0,0.0,True,True,False,1,True
2887,2014,OG,Boise St.,Charles Leno,Boise State,OG,246.0,-7.0,0.0,0.0,True,False,False,0,True
2889,2009,OLB,Northern Illinois,Larry English,Northern Illinois,OLB,16.0,-7.0,0.0,0.0,True,True,True,1,True
2891,2017,DT,Oklahoma St.,Vincent Taylor,Oklahoma State,DT,194.0,-7.0,0.0,0.0,True,True,True,6,True
2892,2012,RB,San Diego St.,Ronnie Hillman,San Diego State,RB,67.0,-7.0,0.0,0.0,True,True,True,1,True
2893,2010,SS,Georgia,Reshad Jones,Georgia,S,163.0,-6.0,0.0,0.0,True,True,True,8,True
2894,2015,OT,Wisconsin,Rob Havenstein,Wisconsin,OT,57.0,-7.0,0.0,0.0,True,True,True,1,True
2897,2016,DT,Alabama,Jarran Reed,Alabama,DT,49.0,-7.0,0.0,0.0,True,True,True,2,True
2898,2017,OLB,Vanderbilt,Zach Cunningham,Vanderbilt,OLB,57.0,-7.0,0.0,0.0,True,True,True,2,True
2899,2010,DE,South Florida,George Selvie,South Florida,DE,226.0,-7.0,0.0,0.0,True,True,True,1,True
2901,2013,FB,Wake Forest,Tommy Bohanon,Wake Forest,FB,215.0,-7.0,0.0,0.0,True,True,True,1,True
2902,2016,SS,Clemson,Jayron Kearse,Clemson,S,244.0,-6.0,0.0,0.0,True,True,True,1,True
2904,2018,C,Michigan St.,Brian Allen,Michigan State,C,111.0,-7.0,0.0,0.0,True,True,True,8,True
2905,2015,DE,LSU,Danielle Hunter,LSU,DE,88.0,-7.0,0.0,0.0,True,True,True,1,True
2910,2013,DT,Ohio St.,Johnathan Hankins,Ohio State,DT,49.0,-7.0,0.0,0.0,True,True,True,1,True
2911,2017,OLB,Boston Col.,Matt Milano,Boston Col.,OLB,163.0,-7.0,0.0,0.0,True,True,True,1,True
2912,2009,RB,Liberty,Rashad Jennings,Liberty,RB,250.0,-7.0,0.0,0.0,True,True,True,1,True
2915,2013,TE,Rice,Vance McDonald,Rice,TE,55.0,-7.0,0.0,0.0,True,True,True,2,True
2916,2017,FS,Washington,Budda Baker,Washington,S,36.0,-6.0,0.0,0.0,True,True,True,2,True
2917,2013,RB,Nebraska,Rex Burkhead,Nebraska,RB,190.0,-7.0,0.0,0.0,True,True,True,1,True
2918,2019,S,Oregon,Ugo Amadi,Oregon,S,132.0,-7.0,0.0,0.0,True,True,True,1,True
2919,2009,DE,USC,Kyle Moore,USC,DE,117.0,-7.0,0.0,0.0,True,True,True,7,True
2922,2012,OT,Ohio St.,Mike Adams,Ohio State,OT,56.0,-7.0,0.0,0.0,True,True,True,2,True
2923,2010,TE,Pittsburgh,Dorin Dickerson,Pittsburgh,TE,227.0,-7.0,0.0,0.0,True,True,True,1,True
2925,2018,S,West Virginia,Kyzir White,West Virginia,S,119.0,-7.0,0.0,0.0,True,True,True,5,True
2926,2019,OT,Ohio St.,Michael Jordan,Ohio State,OT,136.0,-7.0,0.0,0.0,True,True,True,1,True
2929,2015,DT,Fresno St.,Tyeler Davison,Fresno State,DT,154.0,-7.0,0.0,0.0,True,True,True,1,True
2930,2010,WR,Arizona St.,Kyle Williams,Arizona State,WR,206.0,-7.0,0.0,0.0,True,True,True,18,True
2932,2013,CB,Iowa,Micah Hyde,Iowa,CB,159.0,-7.0,0.0,0.0,True,True,True,2,True
2933,2018,WR,Texas A&M,Christian Kirk,Texas A&M,WR,47.0,-7.0,0.0,0.0,True,True,True,1,True
2934,2018,C,Michigan,Mason Cole,Michigan,C,97.0,-7.0,0.0,0.0,True,True,True,1,True
2935,2014,DT,Arkansas St.,Ryan Carrethers,Arkansas State,DT,165.0,-7.0,0.0,0.0,True,True,True,1,True
2937,2016,OT,Ohio St.,Taylor Decker,Ohio State,OT,16.0,-7.0,0.0,0.0,True,True,True,1,True
2938,2011,RB,Oregon St.,Jacquizz Rodgers,Oregon State,RB,145.0,-7.0,0.0,0.0,True,True,True,1,True
2939,2014,OT,North Dakota St.,Billy Turner,North Dakota State,OT,67.0,-7.0,0.0,0.0,True,True,True,2,True
2941,2017,RB,North Carolina St.,Matthew Dayes,North Carolina State,RB,252.0,-7.0,0.0,0.0,True,True,True,1,True
2942,2015,DE,Oregon St.,Obum Gwacham,Oregon State,DE,209.0,-7.0,0.0,0.0,True,True,True,1,True
2943,2015,OT,South Carolina,Corey Robinson,South Carolina,OT,240.0,-7.0,0.0,0.0,True,True,True,8,True
2945,2012,DE,Boise St.,Billy Winn,Boise State,DE,205.0,-7.0,0.0,0.0,True,True,True,1,True
2946,2018,S,Wake Forest,Jessie Bates,Wake Forest,S,54.0,-7.0,0.0,0.0,True,False,False,0,True
2947,2017,OT,Florida,David Sharpe,Florida,OT,129.0,-7.0,0.0,0.0,True,True,True,2,True
2948,2013,DE,Florida St.,Bjoern Werner,Florida State,DE,24.0,-7.0,0.0,0.0,True,True,True,1,True
2949,2012,CB,Montana,Trumaine Johnson,Montana,CB,65.0,-7.0,0.0,0.0,True,True,True,10,True
2950,2009,SS,Rutgers,Courtney Greene,Rutgers,S,245.0,-6.0,0.0,0.0,True,True,True,2,True
2952,2017,CB,Florida,Teez Tabor,Florida,CB,53.0,-7.0,0.0,0.0,True,True,True,1,True
2953,2009,RB,Texas A&M,Mike Goodson,Texas A&M,RB,111.0,-7.0,0.0,0.0,True,True,True,1,True
2956,2016,WR,Colorado St.,Rashard Higgins,Colorado State,WR,172.0,-7.0,0.0,0.0,True,True,True,1,True
2957,2011,RB,North Carolina,Johnny White,North Carolina,RB,133.0,-7.0,0.0,0.0,True,True,True,5,True
2960,2016,OLB,Vanderbilt,Stephen Weatherly,Vanderbilt,OLB,227.0,-7.0,0.0,0.0,True,True,True,1,True
2961,2014,DE,Boise St.,Demarcus Lawrence,Boise State,DE,34.0,-7.0,0.0,0.0,True,True,True,1,True
2962,2010,OLB,Wisconsin,O'Brien Schofield,Wisconsin,OLB,130.0,-7.0,0.0,0.0,True,True,False,1,True
2963,2016,DT,Notre Dame,Sheldon Day,Notre Dame,DT,103.0,-7.0,0.0,0.0,True,True,True,2,True
2965,2014,OG,Nevada,Joel Bitonio,Nevada,OG,35.0,-7.0,0.0,0.0,True,True,True,1,True
2966,2009,SS,Clemson,Michael Hamlin,Clemson,S,166.0,-6.0,0.0,0.0,True,True,True,1,True
2968,2014,C,Ohio St.,Corey Linsley,Ohio State,C,161.0,-7.0,0.0,0.0,True,True,True,1,True
2969,2013,OT,Colorado,David Bakhtiari,Colorado,OT,109.0,-7.0,0.0,0.0,True,True,True,1,True
2972,2012,WR,Arizona,Juron Criner,Arizona,WR,168.0,-7.0,0.0,0.0,True,True,True,1,True
2973,2013,CB,Mississippi St.,Darius Slay,Mississippi State,CB,36.0,-7.0,0.0,0.0,True,True,True,1,True
2975,2009,DT,Georgia Tech,Darryl Richard,Georgia Tech,DT,234.0,-7.0,0.0,0.0,True,True,True,2,True
2976,2019,OT,Utah,Jackson Barton,Utah,OT,240.0,-7.0,0.0,0.0,True,True,True,2,True
2977,2013,DE,Florida St.,Tank Carradine,Florida State,DE,40.0,-7.0,0.0,0.0,True,True,True,1,True
2979,2011,RB,Connecticut,Jordan Todman,Connecticut,RB,183.0,-7.0,0.0,0.0,True,True,True,1,True
2980,2011,OLB,Syracuse,Doug Hogue,Syracuse,OLB,157.0,-7.0,0.0,0.0,True,True,True,1,True
2981,2015,WR,Oklahoma,Dorial Green-Beckham,Oklahoma,WR,40.0,-7.0,0.0,0.0,True,True,False,1,True
2982,2015,DE,Memphis,Martin Ifedi,Memphis,DE,227.0,-7.0,0.0,0.0,True,True,True,2,True
2984,2013,WR,Baylor,Terrance Williams,Baylor,WR,74.0,-7.0,0.0,0.0,True,True,True,15,True
2985,2009,QB,Purdue,Curtis Painter,Purdue,QB,201.0,-7.0,0.0,0.0,True,True,True,1,True
2986,2017,CB,Michigan,Jourdan Lewis,Michigan,CB,92.0,-7.0,0.0,0.0,True,True,True,3,True
2987,2016,OT,Mississippi,Laremy Tunsil,Mississippi,OT,13.0,-7.0,0.0,0.0,True,True,True,1,True
2989,2011,OG,Appalachian St.,Daniel Kilgore,Appalachian State,OG,163.0,-7.0,0.0,0.0,True,True,True,1,True
2993,2019,TE,Alabama,Irv Smith,Alabama,TE,50.0,-7.0,0.0,0.0,True,True,True,10,True
2995,2010,C,Florida,Maurkice Pouncey,Florida,C,18.0,-7.0,0.0,0.0,True,True,True,2,True
2996,2012,WR,LSU,Rueben Randle,LSU,WR,63.0,-7.0,0.0,0.0,True,True,True,2,True
2997,2013,DE,Florida St.,Brandon Jenkins,Florida State,DE,162.0,-7.0,0.0,0.0,True,True,True,6,True
2998,2017,DE,Youngstown St.,Avery Moss,Youngstown State,DE,167.0,-7.0,0.0,0.0,True,True,True,1,True
2999,2010,OG,Illinois,Jon Asamoah,Illinois,OG,68.0,-7.0,0.0,0.0,True,True,True,1,True
3000,2017,SS,Colorado,Tedric Thompson,Colorado,S,111.0,-6.0,0.0,0.0,True,True,True,2,True
3001,2017,DE,Auburn,Carl Lawson,Auburn,DE,116.0,-7.0,0.0,0.0,True,True,True,2,True
3002,2009,WR,Oregon St.,Sammie Stroughter,Oregon State,WR,233.0,-7.0,0.0,0.0,True,True,True,1,True
3004,2013,OT,Alabama,D.J. Fluker,Alabama,OT,11.0,-7.0,0.0,0.0,True,True,False,1,True
3005,2012,OG,Wisconsin,Kevin Zeitler,Wisconsin,OG,27.0,-7.0,0.0,0.0,True,True,True,1,True
3006,2019,TE,Georgia,Isaac Nauta,Georgia,TE,224.0,-7.0,0.0,0.0,True,True,True,1,True
3007,2016,DT,Nebraska,Maliek Collins,Nebraska,DT,67.0,-7.0,0.0,0.0,True,True,True,4,True
3008,2018,DE,California,James Looney,California,DE,232.0,-7.0,0.0,0.0,True,True,True,1,True
3009,2014,SS,San Diego St.,Nat Berhe,San Diego State,S,152.0,-6.0,0.0,0.0,True,True,True,1,True
3010,2015,DE,Miami (FL),Anthony Chickillo,Miami (FL),DE,212.0,-7.0,0.0,0.0,True,True,True,1,True
3013,2019,OT,Sioux Falls,Trey Pipkins,Sioux Falls,OT,91.0,-7.0,0.0,0.0,True,True,True,1,True
3014,2015,WR,Maryland,Stefon Diggs,Maryland,WR,146.0,-7.0,0.0,0.0,True,True,True,2,True
3015,2012,CB,Alabama,DeQuan Menzie,Alabama,CB,146.0,-7.0,0.0,0.0,True,True,True,1,True
3016,2017,OT,Florida St.,Roderick Johnson,Florida State,OT,160.0,-7.0,0.0,0.0,True,True,True,7,True
3020,2014,TE,Colorado St.,Crockett Gillmore,Colorado State,TE,99.0,-7.0,0.0,0.0,True,True,True,1,True
3021,2019,OT,Kansas St.,Dalton Risner,Kansas State,OT,41.0,-7.0,0.0,0.0,True,True,True,1,True
3022,2017,DT,LSU,Davon Gaudchaux,LSU,DT,178.0,-7.0,0.0,0.0,True,False,False,0,True
3023,2013,DE,Michigan St.,William Gholston,Michigan State,DE,126.0,-7.0,0.0,0.0,True,True,True,1,True
3024,2015,OG,Florida,Trenton Brown,Florida,OG,244.0,-7.0,0.0,0.0,True,False,False,8,True
3025,2019,CB,Michigan St.,Justin Layne,Michigan State,CB,83.0,-7.0,0.0,0.0,True,True,True,1,True
3027,2017,OLB,Alabama,Tim Williams,Alabama,OLB,78.0,-7.0,0.0,0.0,True,True,True,12,True
3028,2014,RB,Baylor,Lache Seastrunk,Baylor,RB,186.0,-7.0,0.0,0.0,True,True,True,1,True
3029,2015,CB,LSU,Jalen Collins,LSU,CB,42.0,-7.0,0.0,0.0,True,True,True,4,True
3030,2019,CB,Mississippi,Ken Webster,Mississippi,CB,252.0,-7.0,0.0,0.0,True,True,True,1,True
3031,2017,ILB,Florida,Jarrad Davis,Florida,ILB,21.0,-7.0,0.0,0.0,True,True,True,6,True
3033,2012,WR,Wisconsin,Nick Toon,Wisconsin,WR,122.0,-7.0,0.0,0.0,True,True,True,1,True
3034,2012,CB,Arizona St.,Omar Bolden,Arizona State,CB,101.0,-7.0,0.0,0.0,True,True,True,1,True
3035,2013,WR,Louisiana Tech,Quinton Patton,Louisiana Tech,WR,128.0,-7.0,0.0,0.0,True,True,True,1,True
3038,2016,P,Texas A&M,Drew Kaser,Texas A&M,P,179.0,-7.0,0.0,0.0,True,True,True,1,True
3039,2018,WR,Boise St.,Cedrick Wilson,Boise State,WR,208.0,-7.0,0.0,0.0,True,True,True,6,True
3040,2012,WR,South Carolina,Alshon Jeffery,South Carolina,WR,45.0,-7.0,0.0,0.0,True,True,True,1,True
3042,2016,DE,Penn St.,Carl Nassib,Penn State,DE,65.0,-7.0,0.0,0.0,True,True,True,1,True
3045,2014,WR,Florida St.,Kelvin Benjamin,Florida State,WR,28.0,-7.0,0.0,0.0,True,True,True,1,True
3050,2013,OT,Virginia Tech,Vinston Painter,Virginia Tech,OT,173.0,-7.0,0.0,0.0,True,True,True,1,True
3055,2012,FS,Boise St.,George Iloka,Boise State,S,167.0,-6.0,0.0,0.0,True,True,True,1,True
3056,2016,OG,Missouri,Connor McGovern,Missouri,OG,144.0,-7.0,0.0,0.0,True,True,True,1,True
3057,2015,OT,Miami (FL),Ereck Flowers,Miami (FL),OT,9.0,-7.0,0.0,0.0,True,True,True,3,True
3058,2010,OT,Maryland,Bruce Campbell,Maryland,OT,106.0,-7.0,0.0,0.0,True,True,True,2,True
3060,2019,RB,Notre Dame,Dexter Williams,Notre Dame,RB,194.0,-7.0,0.0,0.0,True,True,True,10,True
3061,2014,DE,South Florida,Aaron Lynch,South Florida,DE,150.0,-7.0,0.0,0.0,True,True,True,2,True
3062,2011,WR,Boise St.,Austin Pettis,Boise State,WR,78.0,-7.0,0.0,0.0,True,True,True,1,True
3063,2009,OT,Illinois,Xavier Fulton,Illinois,OT,155.0,-7.0,0.0,0.0,True,True,True,1,True
3065,2016,OG,Stanford,Joshua Garnett,Stanford,OG,28.0,-7.0,0.0,0.0,True,True,True,1,True
3067,2018,DE,USC,Rasheem Green,USC,DE,79.0,-7.0,0.0,0.0,True,True,True,3,True
3068,2009,CB,Oregon St.,Brandon Hughes,Oregon State,CB,148.0,-7.0,0.0,0.0,True,True,True,2,True
3069,2016,OT,Georgia,John Theus,Georgia,OT,145.0,-7.0,0.0,0.0,True,True,True,1,True
3071,2009,P,SMU,Thomas Morstead,SMU,P,164.0,-7.0,0.0,0.0,True,True,True,1,True
3072,2012,QB,Arizona,Nick Foles,Arizona,QB,88.0,-7.0,0.0,0.0,True,True,True,1,True
3073,2018,TE,Penn St.,Mike Gesicki,Penn State,TE,42.0,-7.0,0.0,0.0,True,True,True,1,True
3074,2010,WR,Ohio,Taylor Price,Ohio,WR,90.0,-7.0,0.0,0.0,True,True,True,2,True
3075,2018,S,Texas A&M,Armani Watts,Texas A&M,S,124.0,-7.0,0.0,0.0,True,True,True,2,True
3076,2013,DE,Utah,Joe Kruger,Utah,DE,212.0,-7.0,0.0,0.0,True,True,True,1,True
3077,2013,SS,Notre Dame,Zeke Motta,Notre Dame,S,244.0,-6.0,0.0,0.0,True,True,True,1,True
3079,2010,TE,Penn St.,Andrew Quarless,Penn State,TE,154.0,-7.0,0.0,0.0,True,True,True,1,True
3080,2009,CB,Georgia,Asher Allen,Georgia,CB,86.0,-7.0,0.0,0.0,True,True,True,2,True
3081,2016,ILB,Arizona,Scooby Wright III,Arizona,ILB,250.0,-7.0,0.0,0.0,True,True,False,3,True
3082,2017,OG,Utah,Isaac Asiata,Utah,OG,164.0,-7.0,0.0,0.0,True,True,True,1,True
3085,2009,CB,USC,Cary Harris,USC,CB,183.0,-7.0,0.0,0.0,True,True,True,4,True
3086,2015,DE,Missouri,Shane Ray,Missouri,DE,23.0,-7.0,0.0,0.0,True,True,True,3,True
3087,2019,OT,Northern Illinois,Max Scharping,Northern Illinois,OT,55.0,-7.0,0.0,0.0,True,True,True,1,True
3089,2019,WR,Ohio St.,Terry McLaurin,Ohio State,WR,76.0,-7.0,0.0,0.0,True,True,True,1,True
3091,2013,OG,Oregon,Kyle Long,Oregon,OG,20.0,-7.0,0.0,0.0,True,True,True,3,True
3092,2010,P,Michigan,Zoltan Mesko,Michigan,P,150.0,-7.0,0.0,0.0,True,True,True,1,True
3093,2010,OT,Miami (FL),Jason Fox,Miami (FL),OT,128.0,-7.0,0.0,0.0,True,True,True,1,True
3096,2014,ILB,LSU,Lamin Barrow,LSU,ILB,156.0,-7.0,0.0,0.0,True,True,True,1,True
3098,2019,CB,Washington,Jordan Miller,Washington,CB,172.0,-7.0,0.0,0.0,True,True,True,6,True
3099,2016,FB,Nebraska,Andy Janovich,Nebraska,FB,176.0,-7.0,0.0,0.0,True,True,True,1,True
3100,2019,WR,Fresno St.,Keesean Johnson,Fresno State,WR,174.0,-7.0,0.0,0.0,True,True,True,14,True
3103,2019,OT,Wisconsin,David Edwards,Wisconsin,OT,169.0,-7.0,0.0,0.0,True,True,True,3,True
3104,2013,DT,Notre Dame,Kapron Lewis-Moore,Notre Dame,DT,200.0,-7.0,0.0,0.0,True,True,False,1,True
3105,2016,DT,Texas,Hassan Ridgeway,Texas,DT,116.0,-7.0,0.0,0.0,True,True,True,1,True
3107,2010,OT,Massachusetts,Vladimir Ducasse,Massachusetts,OT,61.0,-7.0,0.0,0.0,True,False,False,1,True
3108,2016,RB,Alabama,Kenyan Drake,Alabama,RB,73.0,-7.0,0.0,0.0,True,True,True,1,True
3109,2015,TE,Pittsburgh,Nick Boyle,Pittsburgh,TE,171.0,-7.0,0.0,0.0,True,True,True,1,True
3110,2009,RB,Texas,Chris Ogbonnaya,Texas,RB,211.0,-7.0,0.0,0.0,True,True,True,1,True
3113,2014,QB,Fresno St.,Derek Carr,Fresno State,QB,36.0,-7.0,0.0,0.0,True,True,True,1,True
3114,2019,WR,Colorado St.,Bisi Johnson,Colorado State,WR,247.0,-7.0,0.0,0.0,True,False,False,14,True
3115,2011,DT,North Carolina,Marvin Austin,North Carolina,DT,52.0,-7.0,0.0,0.0,True,True,True,2,True
3116,2012,OT,California,Mitchell Schwartz,California,OT,37.0,-7.0,0.0,0.0,True,True,True,1,True
3117,2017,K,Arizona St.,Zane Gonzalez,Arizona State,K,224.0,-7.0,0.0,0.0,True,True,True,1,True
3118,2009,WR,North Carolina,Brandon Tate,North Carolina,WR,83.0,-7.0,0.0,0.0,True,True,True,3,True
3120,2017,CB,Miami (FL),Corn Elder,Miami (FL),CB,152.0,-7.0,0.0,0.0,True,True,True,1,True
3122,2012,RB,Ohio St.,Dan Herron,Ohio State,RB,191.0,-7.0,0.0,0.0,True,True,True,1,True
3123,2013,WR,Michigan,Denard Robinson,Michigan,WR,135.0,-7.0,0.0,0.0,True,True,True,7,True
3125,2019,P,Utah,Mitch Wishnowsky,Utah,P,110.0,-7.0,0.0,0.0,True,True,True,1,True
3126,2011,TE,USC,Jordan Cameron,USC,TE,102.0,-7.0,0.0,0.0,True,True,True,1,True
3127,2013,RB,LSU,Spencer Ware,LSU,RB,194.0,-7.0,0.0,0.0,True,True,True,1,True
3128,2015,CB,Florida St.,P.J. Williams,Florida State,CB,78.0,-7.0,0.0,0.0,True,True,False,9,True
3129,2019,OT,Morgan St.,Joshua Miles,Morgan State,OT,248.0,-7.0,0.0,0.0,True,True,True,1,True
3130,2016,FS,Ohio St.,Vonn Bell,Ohio State,S,61.0,-6.0,0.0,0.0,True,True,True,5,True
3131,2017,WR,Ohio St.,Curtis Samuel,Ohio State,WR,40.0,-7.0,0.0,0.0,True,True,True,1,True
3133,2017,RB,BYU,Jamaal Williams,BYU,RB,134.0,-7.0,0.0,0.0,True,True,True,12,True
3134,2013,K,Florida,Caleb Sturgis,Florida,K,166.0,-7.0,0.0,0.0,True,True,True,1,True
3135,2015,RB,Florida,Matt Jones,Florida,RB,95.0,-7.0,0.0,0.0,True,True,True,8,True
3136,2019,WR,North Carolina St.,Kelvin Harmon,North Carolina State,WR,206.0,-7.0,0.0,0.0,True,True,True,1,True
3137,2010,RB,LSU,Charles Scott,LSU,RB,200.0,-7.0,0.0,0.0,True,True,True,5,True
3138,2014,DT,Connecticut,Shamar Stephen,Connecticut,DT,220.0,-7.0,0.0,0.0,True,True,True,1,True
3139,2010,OLB,Arizona St.,Dexter Davis,Arizona State,OLB,236.0,-7.0,0.0,0.0,True,True,True,7,True
3140,2010,DE,Mississippi,Greg Hardy,Mississippi,DE,175.0,-7.0,0.0,0.0,True,True,True,2,True
3141,2009,DE,Hawaii,David Veikune,Hawaii,DE,52.0,-7.0,0.0,0.0,True,True,True,1,True
3145,2014,WR,Colorado,Paul Richardson,Colorado,WR,45.0,-7.0,0.0,0.0,True,True,True,4,True
3146,2017,OG,Oregon St.,Sean Harlow,Oregon State,OG,136.0,-7.0,0.0,0.0,True,True,True,1,True
3148,2016,OLB,LSU,Deion Jones,LSU,OLB,52.0,-7.0,0.0,0.0,True,True,True,13,True
3149,2014,OLB,Ball St.,Jonathan Newsome,Ball State,OLB,166.0,-7.0,0.0,0.0,True,True,True,1,True
3150,2011,RB,Maryland,Da'Rel Scott,Maryland,RB,221.0,-7.0,0.0,0.0,True,True,False,3,True
3151,2015,DT,Rice,Christian Covington,Rice,DT,216.0,-7.0,0.0,0.0,True,True,True,1,True
3152,2011,OT,Auburn,Lee Ziemba,Auburn,OT,244.0,-7.0,0.0,0.0,True,True,True,1,True
3154,2018,S,Penn St.,Troy Apke,Penn State,S,109.0,-7.0,0.0,0.0,True,True,True,1,True
3156,2014,OT,Michigan,Taylor Lewan,Michigan,OT,11.0,-7.0,0.0,0.0,True,True,True,1,True
3157,2018,OLB,Ohio St.,Jerome Baker,Ohio State,OLB,73.0,-7.0,0.0,0.0,True,True,True,3,True
3158,2010,SS,LSU,Chad Jones,LSU,S,76.0,-6.0,0.0,0.0,True,True,True,8,True
3159,2015,QB,Oregon,Marcus Mariota,Oregon,QB,2.0,-7.0,0.0,0.0,True,True,True,1,True
3161,2015,C,Florida St.,Cameron Erving,Florida State,C,19.0,-7.0,0.0,0.0,True,True,True,1,True
3164,2009,WR,BYU,Austin Collie,BYU,WR,127.0,-7.0,0.0,0.0,True,True,True,1,True
3165,2011,WR,Mount Union,Cecil Shorts,Mount Union,WR,114.0,-7.0,0.0,0.0,True,True,True,1,True
3167,2013,WR,California,Keenan Allen,California,WR,76.0,-7.0,0.0,0.0,True,True,True,6,True
3168,2009,WR,Ohio St.,Brian Hartline,Ohio State,WR,108.0,-7.0,0.0,0.0,True,True,True,1,True
3169,2014,OLB,California,Khairi Fortt,California,OLB,126.0,-7.0,0.0,0.0,True,True,True,1,True
3173,2013,DE,Illinois,Michael Buchanan,Illinois,DE,226.0,-7.0,0.0,0.0,True,True,True,1,True
3174,2010,ILB,Penn St.,Sean Lee,Penn State,ILB,55.0,-7.0,0.0,0.0,True,True,True,1,True
3175,2013,OG,Ohio,Eric Herman,Ohio,OG,225.0,-7.0,0.0,0.0,True,True,True,1,True
3176,2011,ILB,Illinois,Martez Wilson,Illinois,ILB,72.0,-7.0,0.0,0.0,True,True,True,9,True
3177,2018,DT,Florida,Taven Bryan,Florida,DT,29.0,-7.0,0.0,0.0,True,True,True,1,True
3178,2014,DE,Virginia,Brent Urban,Virginia,DE,134.0,-7.0,0.0,0.0,True,True,True,1,True
3179,2016,RB,Alabama,Derrick Henry,Alabama,RB,45.0,-7.0,0.0,0.0,True,True,True,3,True
3181,2015,OT,Florida,D.J. Humphries,Florida,OT,24.0,-7.0,0.0,0.0,True,True,False,1,True
3183,2010,QB,Cincinnati,Tony Pike,Cincinnati,QB,204.0,-7.0,0.0,0.0,True,True,True,1,True
3184,2018,CB,Louisville,Jaire Alexander,Louisville,CB,18.0,-7.0,0.0,0.0,True,True,True,1,True
3187,2014,CB,Georgia Tech,Jemea Thomas,Georgia Tech,CB,206.0,-7.0,0.0,0.0,True,True,True,7,True
3188,2012,QB,Michigan St.,Kirk Cousins,Michigan State,QB,102.0,-7.0,0.0,0.0,True,True,True,1,True
3190,2015,RB,LSU,Kenny Hilliard,LSU,RB,235.0,-7.0,0.0,0.0,True,True,True,1,True
3193,2009,FB,Idaho,Eddie Williams,Idaho,FB,221.0,-7.0,0.0,0.0,True,True,True,15,True
3196,2009,WR,Nevada,Marko Mitchell,Nevada,WR,243.0,-7.0,0.0,0.0,True,True,True,4,True
3197,2014,WR,Oregon St.,Brandin Cooks,Oregon State,WR,20.0,-7.0,0.0,0.0,True,True,True,1,True
3198,2015,CB,Ohio St.,Doran Grant,Ohio State,CB,121.0,-7.0,0.0,0.0,True,True,True,3,True
3199,2009,DT,Boston Col.,Ron Brace,Boston Col.,DT,40.0,-7.0,0.0,0.0,True,True,True,1,True
3200,2013,WR,Tennessee,Justin Hunter,Tennessee,WR,34.0,-7.0,0.0,0.0,True,True,True,1,True
3201,2016,WR,Cincinnati,Chris Moore,Cincinnati,WR,107.0,-7.0,0.0,0.0,True,True,True,2,True
3202,2018,OLB,Central Florida,Shaquem Griffin,Central Florida,OLB,141.0,-7.0,0.0,0.0,True,True,True,2,True
3204,2012,WR,Georgia Tech,Stephen Hill,Georgia Tech,WR,43.0,-7.0,0.0,0.0,True,True,True,3,True
3206,2015,FS,Penn St.,Adrian Amos,Penn State,S,142.0,-6.0,0.0,0.0,True,True,True,1,True
3209,2018,TE,Wisconsin,Troy Fumagalli,Wisconsin,TE,156.0,-7.0,0.0,0.0,True,True,True,1,True
3210,2010,WR,Illinois,Arrelious Benn,Illinois,WR,39.0,-7.0,0.0,0.0,True,True,True,1,True
3212,2014,DT,Louisiana Tech,Justin Ellis,Louisiana Tech,DT,107.0,-7.0,0.0,0.0,True,True,True,1,True
3213,2011,P,Miami (FL),Matt Bosher,Miami (FL),P,192.0,-7.0,0.0,0.0,True,False,False,1,True
3215,2010,OT,Iowa,Kyle Calloway,Iowa,OT,216.0,-7.0,0.0,0.0,True,True,True,1,True
3216,2012,DE,North Carolina,Quinton Coples,North Carolina,DE,16.0,-7.0,0.0,0.0,True,True,True,1,True
3217,2012,P,Wisconsin,Brad Nortman,Wisconsin,P,207.0,-7.0,0.0,0.0,True,True,True,1,True
3220,2019,RB,Texas A&M,Trayveon Williams,Texas A&M,RB,182.0,-7.0,0.0,0.0,True,True,True,10,True
3222,2013,DT,Florida,Sharrif Floyd,Florida,DT,23.0,-7.0,0.0,0.0,True,True,True,2,True
3224,2017,DE,Illinois,Dawuane Smoot,Illinois,DE,68.0,-7.0,0.0,0.0,True,True,True,1,True
3225,2013,CB,North Carolina St.,David Amerson,North Carolina State,CB,51.0,-7.0,0.0,0.0,True,True,True,1,True
3229,2019,QB,Ohio St.,Dwayne Haskins,Ohio State,QB,15.0,-7.0,0.0,0.0,True,True,True,1,True
3234,2019,CB,Notre Dame,Julian Love,Notre Dame,CB,108.0,-7.0,0.0,0.0,True,True,True,3,True
3235,2015,WR,Alabama,Amari Cooper,Alabama,WR,4.0,-7.0,0.0,0.0,True,True,True,4,True
3237,2013,DE,LSU,Sam Montgomery,LSU,DE,95.0,-7.0,0.0,0.0,True,True,True,1,True
3238,2019,S,USC,Marvell Tell,USC,S,144.0,-7.0,0.0,0.0,True,False,False,0,True
3239,2012,OT,Illinois,Jeff Allen,Illinois,OT,44.0,-7.0,0.0,0.0,True,True,True,6,True
3240,2015,WR,Stanford,Ty Montgomery,Stanford,WR,94.0,-7.0,0.0,0.0,True,True,True,1,True
3241,2009,CB,Norfolk St.,Don Carey,Norfolk State,CB,177.0,-7.0,0.0,0.0,True,True,True,1,True
3242,2017,QB,North Carolina,Mitchell Trubisky,North Carolina,QB,2.0,-7.0,0.0,0.0,True,True,True,1,True
3243,2010,RB,Stanford,Toby Gerhart,Stanford,RB,51.0,-7.0,0.0,0.0,True,True,True,1,True
3244,2009,DT,LSU,Ricky Jean-Francois,LSU,DT,244.0,-7.0,0.0,0.0,True,True,False,1,True
3247,2019,OT,Florida,Jawaan Taylor,Florida,OT,35.0,-7.0,0.0,0.0,True,True,True,6,True
3251,2017,WR,South Florida,Rodney Adams,South Florida,WR,170.0,-7.0,0.0,0.0,True,True,True,6,True
3253,2012,OLB,Arkansas St.,Demario Davis,Arkansas State,OLB,77.0,-7.0,0.0,0.0,True,True,True,3,True
3254,2009,CB,Oregon,Jairus Byrd,Oregon,CB,42.0,-7.0,0.0,0.0,True,True,True,2,True
3255,2014,CB,San Jose St.,Bene' Benwikere,San Jose State,CB,148.0,-7.0,0.0,0.0,True,False,True,1,True
3256,2015,DT,Ohio St.,Mike Bennett,Ohio State,DT,180.0,-7.0,0.0,0.0,True,False,False,1,True
3257,2015,WR,Nebraska,Kenny Bell,Nebraska,WR,162.0,-7.0,0.0,0.0,True,True,True,5,True
3259,2013,TE,Tennessee,Mychal Rivera,Tennessee,TE,184.0,-7.0,0.0,0.0,True,True,True,1,True
3260,2014,RB,Boston Col.,Andre Williams,Boston Col.,RB,113.0,-7.0,0.0,0.0,True,True,True,20,True
3261,2009,OG,Oklahoma,Duke Robinson,Oklahoma,OG,163.0,-7.0,0.0,0.0,True,True,True,4,True
3264,2016,OT,North Dakota St.,Joe Haeg,North Dakota State,OT,155.0,-7.0,0.0,0.0,True,True,True,1,True
3266,2017,OG,USC,Zach Banner,USC,OG,137.0,-7.0,0.0,0.0,True,True,True,1,True
3267,2016,RB,Florida,Kelvin Taylor,Florida,RB,211.0,-7.0,0.0,0.0,True,True,True,4,True
3270,2010,DT,Alabama,Terrence Cody,Alabama,DT,57.0,-7.0,0.0,0.0,True,True,True,1,True
3272,2012,RB,Cincinnati,Isaiah Pead,Cincinnati,RB,50.0,-7.0,0.0,0.0,True,True,True,1,True
3273,2009,ILB,USC,Rey Maualuga,USC,ILB,38.0,-7.0,0.0,0.0,True,True,True,1,True
3274,2015,FB,Rutgers,Michael Burton,Rutgers,FB,168.0,-7.0,0.0,0.0,True,True,True,1,True
3275,2016,OLB,Washington,Travis Feeney,Washington,OLB,220.0,-7.0,0.0,0.0,True,True,True,2,True
3278,2009,DE,Texas,Brian Orakpo,Texas,DE,13.0,-7.0,0.0,0.0,True,True,True,1,True
3280,2017,ILB,Ohio St.,Raekwon McMillan,Ohio State,ILB,54.0,-7.0,0.0,0.0,True,True,True,1,True
3281,2016,RB,Arkansas,Alex Collins,Arkansas,RB,171.0,-7.0,0.0,0.0,True,True,True,4,True
3282,2019,TE,Mississippi,Dawson Knox,Mississippi,TE,96.0,-7.0,0.0,0.0,True,True,True,1,True
3283,2009,P,Cincinnati,Kevin Huber,Cincinnati,P,142.0,-7.0,0.0,0.0,True,True,True,1,True
3284,2018,DE,North Carolina St.,Bradley Chubb,North Carolina State,DE,5.0,-7.0,0.0,0.0,True,True,True,2,True
3287,2011,CB,Texas,Aaron Williams,Texas,CB,34.0,-7.0,0.0,0.0,True,True,True,13,True
3288,2009,SS,Mississippi,Jamarca Sanford,Mississippi,S,231.0,-6.0,0.0,0.0,True,True,True,1,True
3289,2010,DT,North Carolina,Cam Thomas,North Carolina,DT,146.0,-7.0,0.0,0.0,True,True,True,10,True
3291,2018,C,Arkansas,Frank Ragnow,Arkansas,C,20.0,-7.0,0.0,0.0,True,True,True,1,True
3293,2019,TE,Washington,Drew Sample,Washington,TE,52.0,-7.0,0.0,0.0,True,True,True,1,True
3296,2013,DE,Florida International,Tourek Williams,Florida International,DE,179.0,-7.0,0.0,0.0,True,True,True,15,True
3297,2016,CB,Ohio St.,Eli Apple,Ohio State,CB,10.0,-7.0,0.0,0.0,True,True,True,1,True
3298,2018,QB,Wyoming,Josh Allen,Wyoming,QB,7.0,-7.0,0.0,0.0,True,True,True,8,True
3299,2012,DE,Boise St.,Tyrone Crawford,Boise State,DE,81.0,-7.0,0.0,0.0,True,True,True,3,True
3300,2012,OT,Nebraska,Marcel Jones,Nebraska,OT,234.0,-7.0,0.0,0.0,True,True,True,14,True
3301,2010,WR,Minnesota,Eric Decker,Minnesota,WR,87.0,-7.0,0.0,0.0,True,True,True,1,True
3304,2013,FS,Nebraska,Daimion Stafford,Nebraska,S,248.0,-6.0,0.0,0.0,True,True,True,1,True
3306,2010,DT,Alabama,Brandon Deaderick,Alabama,DT,247.0,-7.0,0.0,0.0,True,True,True,1,True
3307,2012,CB,Oklahoma,Jamell Fleming,Oklahoma,CB,80.0,-7.0,0.0,0.0,True,True,True,2,True
3309,2015,WR,USC,Nelson Agholor,USC,WR,20.0,-7.0,0.0,0.0,True,True,True,1,True
3310,2009,OG,Nebraska,Matt Slauson,Nebraska,OG,193.0,-7.0,0.0,0.0,True,True,True,1,True
3311,2009,TE,North Carolina,Richard Quinn,North Carolina,TE,64.0,-7.0,0.0,0.0,True,True,True,1,True
3312,2011,ILB,Oregon,Casey Matthews,Oregon,ILB,116.0,-7.0,0.0,0.0,True,True,True,3,True
3313,2015,CB,Louisville,Charles Gaines,Louisville,CB,189.0,-7.0,0.0,0.0,True,True,True,3,True
3314,2011,DE,Oklahoma,Jeremy Beal,Oklahoma,DE,247.0,-7.0,0.0,0.0,True,True,True,1,True
3315,2015,DT,Stanford,David Parry,Stanford,DT,151.0,-7.0,0.0,0.0,True,True,True,1,True
3319,2017,RB,Texas-El Paso,Aaron Jones,Texas-El Paso,RB,182.0,-7.0,0.0,0.0,True,True,True,14,True
3320,2014,FS,Florida St.,Terrence Brooks,Florida State,S,79.0,-6.0,0.0,0.0,True,True,True,2,True
3321,2009,C,Arkansas,Jonathan Luigs,Arkansas,C,106.0,-7.0,0.0,0.0,True,True,True,1,True
3323,2010,RB,Georgia Tech,Jonathan Dwyer,Georgia Tech,RB,188.0,-7.0,0.0,0.0,True,True,True,1,True
3324,2010,WR,Central Michigan,Antonio Brown,Central Michigan,WR,195.0,-7.0,0.0,0.0,True,True,True,15,True
3325,2016,CB,Baylor,Xavien Howard,Baylor,CB,38.0,-7.0,0.0,0.0,True,True,True,3,True
3328,2014,SS,Northern Illinois,Jimmie Ward,Northern Illinois,S,30.0,-6.0,0.0,0.0,True,True,True,3,True
3330,2013,QB,Syracuse,Ryan Nassib,Syracuse,QB,110.0,-7.0,0.0,0.0,True,True,True,1,True
3331,2017,C,Baylor,Kyle Fuller,Baylor,C,243.0,-7.0,0.0,0.0,True,True,True,4,True
3333,2016,DE,Oregon,Deforest Buckner,Oregon,DE,7.0,-7.0,0.0,0.0,True,True,True,1,True
3334,2010,OG,Alabama,Mike Johnson,Alabama,OG,98.0,-7.0,0.0,0.0,True,True,True,11,True
3335,2015,C,Florida,Max Garcia,Florida,C,133.0,-7.0,0.0,0.0,True,True,True,1,True
3337,2013,DT,Purdue,Kawann Short,Purdue,DT,44.0,-7.0,0.0,0.0,True,True,True,1,True
3338,2014,DE,Louisiana Tech,I.K. Enemkpali,Louisiana Tech,DE,210.0,-7.0,0.0,0.0,True,False,True,1,True
3339,2011,OLB,Texas,Sam Acho,Texas,OLB,103.0,-7.0,0.0,0.0,True,True,True,2,True
3340,2018,WR,Middle Tennessee St.,Richie James,Middle Tennessee State,WR,240.0,-7.0,0.0,0.0,True,True,True,2,True
3342,2012,CB,Central Florida,Josh Robinson,Central Florida,CB,66.0,-7.0,0.0,0.0,True,True,True,6,True
3343,2012,DT,Cincinnati,John Hughes,Cincinnati,DT,87.0,-7.0,0.0,0.0,True,True,True,2,True
3344,2010,CB,Oklahoma,Dominique Franks,Oklahoma,CB,135.0,-7.0,0.0,0.0,True,True,True,1,True
3345,2014,FS,Alabama,Ha Ha Clinton-Dix,Alabama,S,21.0,-6.0,0.0,0.0,True,True,False,1,True
3346,2011,OT,Indiana,James Brewer,Indiana,OT,117.0,-7.0,0.0,0.0,True,True,True,1,True
3347,2018,OLB,Texas,Malik Jefferson,Texas,OLB,78.0,-7.0,0.0,0.0,True,True,True,1,True
3350,2012,CB,Vanderbilt,Casey Hayward,Vanderbilt,CB,62.0,-7.0,0.0,0.0,True,True,True,1,True
3351,2015,TE,Oklahoma,Blake Bell,Oklahoma,TE,117.0,-7.0,0.0,0.0,True,True,True,5,True
3352,2010,OG,TCU,Marshall Newhouse,TCU,OG,169.0,-7.0,0.0,0.0,True,True,True,1,True
3353,2016,C,USC,Max Tuerk,USC,C,66.0,-7.0,0.0,0.0,True,True,True,1,True
3354,2012,WR,Oklahoma,Ryan Broyles,Oklahoma,WR,54.0,-7.0,0.0,0.0,True,True,True,1,True
3355,2014,WR,USC,Marqise Lee,USC,WR,39.0,-7.0,0.0,0.0,True,True,True,2,True
3356,2010,WR,Florida,Riley Cooper,Florida,WR,159.0,-7.0,0.0,0.0,True,True,True,1,True
3358,2011,DT,Alabama,Marcell Dareus,Alabama,DT,3.0,-7.0,0.0,0.0,True,True,True,1,True
3359,2018,CB,Pittsburgh,Avonte Maddox,Pittsburgh,CB,125.0,-7.0,0.0,0.0,True,True,True,1,True
3361,2012,ILB,North Carolina St.,Audie Cole,North Carolina State,ILB,210.0,-7.0,0.0,0.0,True,True,True,1,True
3362,2009,DE,Texas Tech,Brandon Williams,Texas Tech,DE,120.0,-7.0,0.0,0.0,True,True,True,15,True
3363,2015,SS,Samford,Jaquiski Tartt,Samford,S,46.0,-6.0,0.0,0.0,True,True,True,1,True
3365,2009,WR,Georgia,Mohamed Massaquoi,Georgia,WR,50.0,-7.0,0.0,0.0,True,True,True,1,True
3366,2017,OG,Western Kentucky,Forrest Lamp,Western Kentucky,OG,38.0,-7.0,0.0,0.0,True,True,True,1,True
3367,2014,CB,Rice,Phillip Gaines,Rice,CB,87.0,-7.0,0.0,0.0,True,True,True,3,True
3369,2018,S,Pittsburgh,Jordan Whitehead,Pittsburgh,S,117.0,-7.0,0.0,0.0,True,True,True,1,True
3371,2014,DT,Florida,Dominique Easley,Florida,DT,29.0,-7.0,0.0,0.0,True,True,True,2,True
3372,2009,WR,Rutgers,Kenny Britt,Rutgers,WR,30.0,-7.0,0.0,0.0,True,True,True,1,True
3374,2018,WR,Georgia,Javon Wims,Georgia,WR,224.0,-7.0,0.0,0.0,True,True,True,1,True
3376,2018,DT,Alabama,Joshua Frazier,Alabama,DT,246.0,-7.0,0.0,0.0,True,True,True,1,True
3377,2013,OLB,Kansas St.,Arthur Brown,Kansas State,OLB,56.0,-7.0,0.0,0.0,True,True,True,7,True
3379,2015,OG,Alabama,Arie Kouandjio,Alabama,OG,112.0,-7.0,0.0,0.0,True,True,True,2,True
3380,2015,ILB,Clemson,Stephone Anthony,Clemson,ILB,31.0,-7.0,0.0,0.0,True,True,True,1,True
3381,2009,CB,Nicholls St.,Lardarius Webb,Nicholls State,CB,88.0,-7.0,0.0,0.0,True,True,True,3,True
3382,2016,SS,Florida,Keanu Neal,Florida,S,17.0,-6.0,0.0,0.0,True,True,True,1,True
3383,2014,RB,Oregon,De'Anthony Thomas,Oregon,RB,124.0,-7.0,0.0,0.0,True,True,False,7,True
3384,2013,DE,Texas A&M,Damontre Moore,Texas A&M,DE,81.0,-7.0,0.0,0.0,True,True,True,4,True
3385,2014,OLB,Florida,Ronald Powell,Florida,OLB,169.0,-7.0,0.0,0.0,True,True,True,3,True
3386,2015,SS,Stanford,Jordan Richards,Stanford,S,64.0,-6.0,0.0,0.0,True,True,True,1,True
3387,2011,WR,Boise St.,Titus Young,Boise State,WR,44.0,-7.0,0.0,0.0,True,True,True,3,True
3388,2012,K,Georgia,Blair Walsh,Georgia,K,175.0,-7.0,0.0,0.0,True,True,True,1,True
3390,2010,DT,Tennessee,Dan Williams,Tennessee,DT,26.0,-7.0,0.0,0.0,True,True,True,18,True
3392,2014,QB,Georgia,Aaron Murray,Georgia,QB,163.0,-7.0,0.0,0.0,True,True,True,2,True
3393,2010,CB,Alabama,Javier Arenas,Alabama,CB,50.0,-7.0,0.0,0.0,True,True,True,1,True
3395,2010,RB,USC,Joe McKnight,USC,RB,112.0,-7.0,0.0,0.0,True,True,True,2,True
3396,2012,DT,Alabama,Josh Chapman,Alabama,DT,136.0,-7.0,0.0,0.0,True,True,True,1,True
3397,2018,CB,Iowa,Josh Jackson,Iowa,CB,45.0,-7.0,0.0,0.0,True,True,True,8,True
3398,2014,WR,Clemson,Sammy Watkins,Clemson,WR,4.0,-7.0,0.0,0.0,True,True,True,2,True
3400,2016,TE,Ohio St.,Nick Vannett,Ohio State,TE,94.0,-7.0,0.0,0.0,True,True,True,1,True
3401,2018,ILB,Alabama,Shaun dion Hamilton,Alabama,ILB,197.0,-7.0,0.0,0.0,True,True,True,2,True
3402,2018,OG,Appalachian St.,Colby Gossett,Appalachian State,OG,213.0,-7.0,0.0,0.0,True,True,True,1,True
3403,2014,OLB,UCLA,Anthony Barr,UCLA,OLB,9.0,-7.0,0.0,0.0,True,True,True,1,True
3405,2009,CB,Oregon St.,Keenan Lewis,Oregon State,CB,96.0,-7.0,0.0,0.0,True,True,True,3,True
3409,2012,DT,LSU,Michael Brockers,LSU,DT,14.0,-7.0,0.0,0.0,True,True,True,1,True
3410,2013,OLB,Florida St.,Nick Moody,Florida State,OLB,180.0,-7.0,0.0,0.0,True,True,True,1,True
3411,2015,SS,Central Florida,Clayton Geathers,Central Florida,S,109.0,-6.0,0.0,0.0,True,True,True,1,True
3412,2015,WR,Michigan St.,Keith Mumphery,Michigan State,WR,175.0,-7.0,0.0,0.0,True,True,True,1,True
3413,2014,OLB,Montana,Jordan Tripp,Montana,OLB,171.0,-7.0,0.0,0.0,True,True,True,1,True
3415,2013,QB,Southern Utah,Brad Sorensen,Southern Utah,QB,221.0,-7.0,0.0,0.0,True,True,True,1,True
3416,2017,RB,Louisiana,Elijah McGuire,Louisiana,RB,188.0,-7.0,0.0,0.0,True,True,True,1,True
3417,2016,OT,Nebraska,Alex Lewis,Nebraska,OT,130.0,-7.0,0.0,0.0,True,True,True,3,True
3418,2010,WR,Mississippi,Dexter McCluster,Mississippi,WR,36.0,-7.0,0.0,0.0,True,True,True,1,True
3420,2018,RB,Arizona St.,Kalen Ballage,Arizona State,RB,131.0,-7.0,0.0,0.0,True,True,True,1,True
3421,2017,CB,San Diego St.,Damontae Kazee,San Diego State,CB,149.0,-7.0,0.0,0.0,True,True,True,1,True
3422,2015,DT,Southern Miss,Rakeem Nunez-Roches,Southern Miss,DT,217.0,-7.0,0.0,0.0,True,True,False,1,True
3426,2015,OLB,Tenn-Chattanooga,Davis Tull,Tenn-Chattanooga,OLB,148.0,-7.0,0.0,0.0,True,True,True,1,True
3428,2009,WR,Mississippi,Mike Wallace,Mississippi,WR,84.0,-7.0,0.0,0.0,True,True,True,2,True
3429,2012,OLB,West Virginia,Bruce Irvin,West Virginia,OLB,15.0,-7.0,0.0,0.0,True,True,True,1,True
3431,2016,DE,Oklahoma,Charles Tapper,Oklahoma,DE,101.0,-7.0,0.0,0.0,True,True,True,1,True
3432,2017,CB,North Carolina St.,Jack Tocho,North Carolina State,CB,245.0,-7.0,0.0,0.0,True,True,True,1,True
3433,2009,WR,Rutgers,Tiquan Underwood,Rutgers,WR,253.0,-7.0,0.0,0.0,True,True,True,2,True
3435,2011,RB,Alabama,Mark Ingram,Alabama,RB,28.0,-7.0,0.0,0.0,True,True,True,2,True
3437,2014,RB,Towson,Terrance West,Towson,RB,94.0,-7.0,0.0,0.0,True,True,True,1,True
3438,2010,DE,Indiana,Jammie Kirlew,Indiana,DE,232.0,-7.0,0.0,0.0,True,True,True,1,True
3440,2015,DT,Auburn,Gabe Wright,Auburn,DT,113.0,-7.0,0.0,0.0,True,True,True,2,True
3441,2012,OT,Mississippi,Bobby Massie,Mississippi,OT,112.0,-7.0,0.0,0.0,True,True,True,1,True
3444,2013,OLB,Texas A&M,Sean Porter,Texas A&M,OLB,118.0,-7.0,0.0,0.0,True,True,True,1,True
3445,2015,P,Clemson,Bradley Pinion,Clemson,P,165.0,-7.0,0.0,0.0,True,True,True,1,True
3446,2016,DE,Maryland,Yannick Ngakoue,Maryland,DE,69.0,-7.0,0.0,0.0,True,True,True,1,True
3447,2013,CB,Mississippi St.,Johnthan Banks,Mississippi State,CB,43.0,-7.0,0.0,0.0,True,True,True,1,True
3449,2014,OG,Furman,Dakota Dozier,Furman,OG,137.0,-7.0,0.0,0.0,True,True,True,1,True
3451,2016,DT,Mississippi,Robert Nkemdiche,Mississippi,DT,29.0,-7.0,0.0,0.0,True,True,True,1,True
3452,2014,TE,Iowa,C.J. Fiedorowicz,Iowa,TE,65.0,-7.0,0.0,0.0,True,True,False,1,True
3453,2016,OT,South Carolina,Brandon Shell,South Carolina,OT,158.0,-7.0,0.0,0.0,True,True,True,1,True
3456,2011,OLB,Texas A&M,Von Miller,Texas A&M,OLB,2.0,-7.0,0.0,0.0,True,True,True,5,True
3457,2010,DE,North Carolina,E.J. Wilson,North Carolina,DE,127.0,-7.0,0.0,0.0,True,True,False,6,True
3458,2013,TE,Colorado,Nick Kasa,Colorado,TE,172.0,-7.0,0.0,0.0,True,True,True,1,True
3460,2015,OLB,Louisville,Lorenzo Mauldin,Louisville,OLB,82.0,-7.0,0.0,0.0,True,True,True,1,True
3464,2010,CB,Maryland,Nolan Carroll,Maryland,CB,145.0,-7.0,0.0,0.0,True,True,True,1,True
3466,2009,ILB,South Carolina,Jasper Brinkley,South Carolina,ILB,150.0,-7.0,0.0,0.0,True,True,True,1,True
3467,2009,RB,Virginia,Cedric Peerman,Virginia,RB,185.0,-7.0,0.0,0.0,True,True,True,1,True
3469,2011,ILB,Georgia,Akeem Dent,Georgia,ILB,91.0,-7.0,0.0,0.0,True,True,True,1,True
3470,2013,FS,Fresno St.,Phillip Thomas,Fresno State,S,119.0,-6.0,0.0,0.0,True,True,True,7,True
3471,2014,C,Boise St.,Matt Paradis,Boise State,C,207.0,-7.0,0.0,0.0,True,True,True,1,True
3473,2009,OG,LSU,Herman Johnson,LSU,OG,167.0,-7.0,0.0,0.0,True,True,True,15,True
3474,2015,WR,Georgia Tech,Darren Waller,Georgia Tech,WR,204.0,-7.0,0.0,0.0,True,True,True,1,True
3476,2009,TE,North Carolina St.,Anthony Hill,North Carolina State,TE,122.0,-7.0,0.0,0.0,True,True,True,2,True
